{"Mean":{"confidence_interval":{"confidence_level":0.95,"lower_bound":2070773.3317825892,"upper_bound":2095494.3863760415},"point_estimate":2081875.896970238,"standard_error":6283.269789241622},"Median":{"confidence_interval":{"confidence_level":0.95,"lower_bound":2064816.025,"upper_bound":2098112.6125},"point_estimate":2076978.4779761904,"standard_error":6018.764873246427},"MedianAbsDev":{"confidence_interval":{"confidence_level":0.95,"lower_bound":468.21001368745414,"upper_bound":30222.979302060005},"point_estimate":11041.028565857594,"standard_error":7839.937887837379},"Slope":{"confidence_interval":{"confidence_level":0.95,"lower_bound":2076504.1315717965,"upper_bound":2092158.8398706897},"point_estimate":2081554.1597402596,"standard_error":4097.08468286905},"StdDev":{"confidence_interval":{"confidence_level":0.95,"lower_bound":6274.358283719283,"upper_bound":26271.723823396158},"point_estimate":20832.118106289865,"standard_error":5397.797002370893}}