{"Mean":{"confidence_interval":{"confidence_level":0.95,"lower_bound":2308436.6014074073,"upper_bound":2440325.9444444445},"point_estimate":2371444.7285185186,"standard_error":34020.49222771531},"Median":{"confidence_interval":{"confidence_level":0.95,"lower_bound":2268671.962962963,"upper_bound":2522684.5},"point_estimate":2346856.708333333,"standard_error":59506.31469021588},"MedianAbsDev":{"confidence_interval":{"confidence_level":0.95,"lower_bound":5242.349956929799,"upper_bound":156233.81538629523},"point_estimate":118098.07273389494,"standard_error":47646.848207002644},"Slope":{"confidence_interval":{"confidence_level":0.95,"lower_bound":2275862.5518304594,"upper_bound":2342426.98193392},"point_estimate":2295688.224242424,"standard_error":17236.20025328916},"StdDev":{"confidence_interval":{"confidence_level":0.95,"lower_bound":49063.06012671607,"upper_bound":130960.3331394254},"point_estimate":113451.4279591655,"standard_error":17725.03075450342}}