{"Mean":{"confidence_interval":{"confidence_level":0.95,"lower_bound":1575168.078874244,"upper_bound":1577447.606955782},"point_estimate":1576303.6823733938,"standard_error":582.0530402456109},"Median":{"confidence_interval":{"confidence_level":0.95,"lower_bound":1575275.357142857,"upper_bound":1577861.1749999998},"point_estimate":1576150.5446428573,"standard_error":624.98956800861},"MedianAbsDev":{"confidence_interval":{"confidence_level":0.95,"lower_bound":34.687292241364936,"upper_bound":3548.8786291376123},"point_estimate":1177.9124415881452,"standard_error":881.4108987398805},"Slope":{"confidence_interval":{"confidence_level":0.95,"lower_bound":1574426.177898678,"upper_bound":1577653.6759681785},"point_estimate":1576011.7314162028,"standard_error":829.1712815296978},"StdDev":{"confidence_interval":{"confidence_level":0.95,"lower_bound":683.9755642866949,"upper_bound":2577.2573662571644},"point_estimate":1938.6971085783262,"standard_error":431.39765203791166}}