{"Mean":{"confidence_interval":{"confidence_level":0.95,"lower_bound":1379624.7804428572,"upper_bound":1386915.6824666664},"point_estimate":1383006.273079365,"standard_error":1875.477071436932},"Median":{"confidence_interval":{"confidence_level":0.95,"lower_bound":1378258.4,"upper_bound":1386868.365},"point_estimate":1381508.3587301588,"standard_error":2161.640009416817},"MedianAbsDev":{"confidence_interval":{"confidence_level":0.95,"lower_bound":977.6476026434384,"upper_bound":10031.592651903813},"point_estimate":5808.690791875112,"standard_error":2252.6586044847636},"Slope":{"confidence_interval":{"confidence_level":0.95,"lower_bound":1381651.7545713235,"upper_bound":1386685.0403183023},"point_estimate":1384040.177142857,"standard_error":1274.047700350429},"StdDev":{"confidence_interval":{"confidence_level":0.95,"lower_bound":2866.1635756285605,"upper_bound":8278.24332834694},"point_estimate":6249.965815507636,"standard_error":1458.441625371813}}