{"Mean":{"confidence_interval":{"confidence_level":0.95,"lower_bound":4624397.072495238,"upper_bound":4637779.807309523},"point_estimate":4630954.229738095,"standard_error":3419.797869750571},"Median":{"confidence_interval":{"confidence_level":0.95,"lower_bound":4619171.8,"upper_bound":4638818.64},"point_estimate":4632530.317857143,"standard_error":4855.768289460167},"MedianAbsDev":{"confidence_interval":{"confidence_level":0.95,"lower_bound":1764.528713673169,"upper_bound":21226.92744314606},"point_estimate":11545.910381019612,"standard_error":4693.803575760745},"Slope":{"confidence_interval":{"confidence_level":0.95,"lower_bound":4620855.216213525,"upper_bound":4635122.68629388},"point_estimate":4626370.831168831,"standard_error":3535.5227954529655},"StdDev":{"confidence_interval":{"confidence_level":0.95,"lower_bound":6648.098667520184,"upper_bound":14472.270970460699},"point_estimate":11416.186598288497,"standard_error":2070.9073656204287}}