{"Mean":{"confidence_interval":{"confidence_level":0.95,"lower_bound":23351027.174047623,"upper_bound":23400863.690833334},"point_estimate":23374756.71154762,"standard_error":12744.186381139589},"Median":{"confidence_interval":{"confidence_level":0.95,"lower_bound":23331286.0,"upper_bound":23401256.183333334},"point_estimate":23377835.083333336,"standard_error":19431.982588358962},"MedianAbsDev":{"confidence_interval":{"confidence_level":0.95,"lower_bound":1107.8110553305812,"upper_bound":82001.96208417379},"point_estimate":49969.327122866554,"standard_error":19824.66196452938},"Slope":{"confidence_interval":{"confidence_level":0.95,"lower_bound":23342184.27326432,"upper_bound":23392073.55108186},"point_estimate":23366174.384415586,"standard_error":13007.285964278386},"StdDev":{"confidence_interval":{"confidence_level":0.95,"lower_bound":23798.43964433116,"upper_bound":55556.41615572634},"point_estimate":42477.54434642408,"standard_error":8873.48897739344}}