{"Mean":{"confidence_interval":{"confidence_level":0.95,"lower_bound":20730247.865378965,"upper_bound":20758508.73409921},"point_estimate":20743902.55189484,"standard_error":7241.959474654046},"Median":{"confidence_interval":{"confidence_level":0.95,"lower_bound":20726507.296875,"upper_bound":20760368.885416664},"point_estimate":20741779.8625,"standard_error":7067.530025012972},"MedianAbsDev":{"confidence_interval":{"confidence_level":0.95,"lower_bound":3810.0039448589087,"upper_bound":41876.82388778776},"point_estimate":15942.958786955585,"standard_error":10524.205054533542},"Slope":{"confidence_interval":{"confidence_level":0.95,"lower_bound":20719116.77011905,"upper_bound":20744633.881663214},"point_estimate":20729431.502597403,"standard_error":6396.327182642351},"StdDev":{"confidence_interval":{"confidence_level":0.95,"lower_bound":11930.09666534069,"upper_bound":31869.24123191813},"point_estimate":24275.57990436941,"standard_error":5208.393291799586}}