{"Mean":{"confidence_interval":{"confidence_level":0.95,"lower_bound":1372612.9946428572,"upper_bound":1385824.858845238},"point_estimate":1377976.4017261905,"standard_error":3547.705278440923},"Median":{"confidence_interval":{"confidence_level":0.95,"lower_bound":1371425.0714285714,"upper_bound":1379550.4791666665},"point_estimate":1374639.5,"standard_error":2051.020695063255},"MedianAbsDev":{"confidence_interval":{"confidence_level":0.95,"lower_bound":713.031747341179,"upper_bound":10153.894794732218},"point_estimate":5002.007704946661,"standard_error":2335.580947417236},"Slope":{"confidence_interval":{"confidence_level":0.95,"lower_bound":1372338.54601227,"upper_bound":1377966.9402985075},"point_estimate":1374572.4753246754,"standard_error":1459.5986112893527},"StdDev":{"confidence_interval":{"confidence_level":0.95,"lower_bound":2734.987193296441,"upper_bound":17735.388902301846},"point_estimate":11803.912886278049,"standard_error":4845.850134244688}}