{"Mean":{"confidence_interval":{"confidence_level":0.95,"lower_bound":95408118.24222222,"upper_bound":95657684.11164287},"point_estimate":95523943.27900794,"standard_error":63995.412668338795},"Median":{"confidence_interval":{"confidence_level":0.95,"lower_bound":95345288.16666667,"upper_bound":95699797.14285715},"point_estimate":95458377.15,"standard_error":87124.79875121449},"MedianAbsDev":{"confidence_interval":{"confidence_level":0.95,"lower_bound":17333.189546450856,"upper_bound":350700.46264132985},"point_estimate":169657.99831547358,"standard_error":84439.85969366734},"Slope":{"confidence_interval":{"confidence_level":0.95,"lower_bound":95365382.16866964,"upper_bound":95579933.37351443},"point_estimate":95451601.91168831,"standard_error":54659.695471142084},"StdDev":{"confidence_interval":{"confidence_level":0.95,"lower_bound":71219.59363711483,"upper_bound":261810.01720834657},"point_estimate":213220.7307318468,"standard_error":43065.850780103}}