{"Mean":{"confidence_interval":{"confidence_level":0.95,"lower_bound":2198240.896709077,"upper_bound":2221376.872576885},"point_estimate":2210059.013277116,"standard_error":5876.82755905293},"Median":{"confidence_interval":{"confidence_level":0.95,"lower_bound":2197065.3240740737,"upper_bound":2218693.904761905},"point_estimate":2215353.1729166666,"standard_error":6092.869237048578},"MedianAbsDev":{"confidence_interval":{"confidence_level":0.95,"lower_bound":1641.5455014817187,"upper_bound":34538.655164316275},"point_estimate":5877.183233576118,"standard_error":9954.643522179626},"Slope":{"confidence_interval":{"confidence_level":0.95,"lower_bound":2212566.6106965174,"upper_bound":2222607.9414948467},"point_estimate":2216664.68030303,"standard_error":2533.4972483711085},"StdDev":{"confidence_interval":{"confidence_level":0.95,"lower_bound":8722.30465780409,"upper_bound":25836.683956602126},"point_estimate":19570.975327155957,"standard_error":4215.319488308873}}