{"Mean":{"confidence_interval":{"confidence_level":0.95,"lower_bound":18197997.893984128,"upper_bound":18256782.017075},"point_estimate":18221845.313825395,"standard_error":15655.98579769478},"Median":{"confidence_interval":{"confidence_level":0.95,"lower_bound":18191735.36,"upper_bound":18233873.0},"point_estimate":18203927.666666664,"standard_error":10501.404858782771},"MedianAbsDev":{"confidence_interval":{"confidence_level":0.95,"lower_bound":2003.259432434594,"upper_bound":48399.5848647341},"point_estimate":22406.422207207594,"standard_error":11689.972142553115},"Slope":{"confidence_interval":{"confidence_level":0.95,"lower_bound":18195828.909848485,"upper_bound":18217582.491378255},"point_estimate":18204724.903896105,"standard_error":5494.12987733544},"StdDev":{"confidence_interval":{"confidence_level":0.95,"lower_bound":12126.47486981388,"upper_bound":78217.29867460915},"point_estimate":52153.999189252776,"standard_error":21081.002606866587}}