{"Mean":{"confidence_interval":{"confidence_level":0.95,"lower_bound":1832297.6062572277,"upper_bound":1839048.164581491},"point_estimate":1835730.6381575963,"standard_error":1731.308495006452},"Median":{"confidence_interval":{"confidence_level":0.95,"lower_bound":1830708.0982142857,"upper_bound":1840029.7928571429},"point_estimate":1837308.0396825396,"standard_error":2771.7508208091076},"MedianAbsDev":{"confidence_interval":{"confidence_level":0.95,"lower_bound":1045.4693653677693,"upper_bound":9231.944119433409},"point_estimate":6283.9848598655035,"standard_error":2316.2426512637694},"Slope":{"confidence_interval":{"confidence_level":0.95,"lower_bound":1836202.2620226308,"upper_bound":1841967.6006058673},"point_estimate":1839388.4666048237,"standard_error":1533.7795652784685},"StdDev":{"confidence_interval":{"confidence_level":0.95,"lower_bound":3402.8247624447145,"upper_bound":7143.493991681437},"point_estimate":5773.773809981997,"standard_error":953.5635195681158}}