{"Mean":{"confidence_interval":{"confidence_level":0.95,"lower_bound":739915.3718721591,"upper_bound":742560.0841410309},"point_estimate":741220.7828161076,"standard_error":675.5173706373453},"Median":{"confidence_interval":{"confidence_level":0.95,"lower_bound":739035.4602272727,"upper_bound":742754.119949495},"point_estimate":741387.3207386364,"standard_error":844.68654440321},"MedianAbsDev":{"confidence_interval":{"confidence_level":0.95,"lower_bound":255.3188784216979,"upper_bound":4117.482543604793},"point_estimate":2035.620129892639,"standard_error":930.696022989293},"Slope":{"confidence_interval":{"confidence_level":0.95,"lower_bound":740776.6850868922,"upper_bound":742499.7199197861},"point_estimate":741787.7249409681,"standard_error":433.6566712851179},"StdDev":{"confidence_interval":{"confidence_level":0.95,"lower_bound":1213.0422302151521,"upper_bound":2956.6987684707806},"point_estimate":2258.3622786051915,"standard_error":459.52710707320534}}