{"Mean":{"confidence_interval":{"confidence_level":0.95,"lower_bound":98158567.62527877,"upper_bound":98680813.8180258},"point_estimate":98360443.79003969,"standard_error":144215.70606583703},"Median":{"confidence_interval":{"confidence_level":0.95,"lower_bound":98086327.2,"upper_bound":98356953.16666667},"point_estimate":98226264.0,"standard_error":76962.65087030361},"MedianAbsDev":{"confidence_interval":{"confidence_level":0.95,"lower_bound":26200.659113180613,"upper_bound":315069.2477863983},"point_estimate":200615.02552837282,"standard_error":74964.23644018351},"Slope":{"confidence_interval":{"confidence_level":0.95,"lower_bound":98131613.803355,"upper_bound":98333784.5466238},"point_estimate":98239120.82597403,"standard_error":51893.11929252033},"StdDev":{"confidence_interval":{"confidence_level":0.95,"lower_bound":88642.76043831624,"upper_bound":731034.8769533408},"point_estimate":478075.87171101704,"standard_error":218326.70386970066}}