{"Mean":{"confidence_interval":{"confidence_level":0.95,"lower_bound":96728600.69833334,"upper_bound":97157452.03892262},"point_estimate":96917369.10257937,"standard_error":109173.72793342605},"Median":{"confidence_interval":{"confidence_level":0.95,"lower_bound":96708580.5625,"upper_bound":97184296.08333334},"point_estimate":96759134.31111112,"standard_error":106969.41226230614},"MedianAbsDev":{"confidence_interval":{"confidence_level":0.95,"lower_bound":15744.54455047404,"upper_bound":491332.6517021049},"point_estimate":77777.11843003456,"standard_error":105695.44122946338},"Slope":{"confidence_interval":{"confidence_level":0.95,"lower_bound":96720202.60857712,"upper_bound":97156433.76661874},"point_estimate":96867733.55844156,"standard_error":117600.44298744289},"StdDev":{"confidence_interval":{"confidence_level":0.95,"lower_bound":64286.85143956118,"upper_bound":455186.55761613784},"point_estimate":363707.33220859297,"standard_error":103368.55620122698}}