{"Mean":{"confidence_interval":{"confidence_level":0.95,"lower_bound":1360716.89528842,"upper_bound":1363970.1100865803},"point_estimate":1362319.9274531025,"standard_error":832.8586820003779},"Median":{"confidence_interval":{"confidence_level":0.95,"lower_bound":1360177.5151515151,"upper_bound":1364846.3666666667},"point_estimate":1361719.589285714,"standard_error":1201.7708053266922},"MedianAbsDev":{"confidence_interval":{"confidence_level":0.95,"lower_bound":550.2125326560335,"upper_bound":4841.810170404348},"point_estimate":2873.0878080834095,"standard_error":1068.5714847702382},"Slope":{"confidence_interval":{"confidence_level":0.95,"lower_bound":1362239.7998439674,"upper_bound":1365176.9291523586},"point_estimate":1363953.3335694608,"standard_error":749.2331606044737},"StdDev":{"confidence_interval":{"confidence_level":0.95,"lower_bound":1616.0235270965543,"upper_bound":3436.5341430240187},"point_estimate":2778.791274878319,"standard_error":460.32626672191543}}