{"Mean":{"confidence_interval":{"confidence_level":0.95,"lower_bound":2956235.3836973757,"upper_bound":2972765.334848485},"point_estimate":2964485.850474387,"standard_error":4237.695581395974},"Median":{"confidence_interval":{"confidence_level":0.95,"lower_bound":2953071.373015873,"upper_bound":2977967.8494318184},"point_estimate":2962582.9242424243,"standard_error":5704.75768793571},"MedianAbsDev":{"confidence_interval":{"confidence_level":0.95,"lower_bound":2340.7493766251214,"upper_bound":25407.896808313613},"point_estimate":14875.646899427229,"standard_error":5854.9994212438005},"Slope":{"confidence_interval":{"confidence_level":0.95,"lower_bound":2948848.547073122,"upper_bound":2969817.80155642},"point_estimate":2956765.2995277448,"standard_error":5368.452231292213},"StdDev":{"confidence_interval":{"confidence_level":0.95,"lower_bound":8207.624445122847,"upper_bound":17460.12484857306},"point_estimate":14108.528514049025,"standard_error":2382.803135962747}}