{"Mean":{"confidence_interval":{"confidence_level":0.95,"lower_bound":19723127.678468253,"upper_bound":19761812.378553774},"point_estimate":19740684.351817463,"standard_error":9953.535346570245},"Median":{"confidence_interval":{"confidence_level":0.95,"lower_bound":19715455.925,"upper_bound":19756195.755555555},"point_estimate":19735973.575,"standard_error":10974.54769503702},"MedianAbsDev":{"confidence_interval":{"confidence_level":0.95,"lower_bound":8437.33613270742,"upper_bound":49345.846473102276},"point_estimate":30200.43585466762,"standard_error":10454.369428794276},"Slope":{"confidence_interval":{"confidence_level":0.95,"lower_bound":19718070.74148681,"upper_bound":19749845.396282528},"point_estimate":19735900.448311687,"standard_error":8017.270118420063},"StdDev":{"confidence_interval":{"confidence_level":0.95,"lower_bound":14255.712557607845,"upper_bound":45804.23426533031},"point_estimate":33224.66949478175,"standard_error":9048.890768378496}}