{"Mean":{"confidence_interval":{"confidence_level":0.95,"lower_bound":1369307.3561339283,"upper_bound":1378008.7715758928},"point_estimate":1373704.624107143,"standard_error":2233.7258733034073},"Median":{"confidence_interval":{"confidence_level":0.95,"lower_bound":1365941.25,"upper_bound":1380550.09375},"point_estimate":1374629.6,"standard_error":4836.419216901363},"MedianAbsDev":{"confidence_interval":{"confidence_level":0.95,"lower_bound":840.8812850713155,"upper_bound":11559.421632279193},"point_estimate":9636.16514767382,"standard_error":3058.6400843416395},"Slope":{"confidence_interval":{"confidence_level":0.95,"lower_bound":1366126.9947643979,"upper_bound":1377338.5943548386},"point_estimate":1370523.6123376624,"standard_error":2902.296856813645},"StdDev":{"confidence_interval":{"confidence_level":0.95,"lower_bound":5118.579514119904,"upper_bound":8317.961947948037},"point_estimate":7439.278586613259,"standard_error":821.4966719888954}}