{"Mean":{"confidence_interval":{"confidence_level":0.95,"lower_bound":5434794.307721756,"upper_bound":5462521.104288691},"point_estimate":5447057.952775443,"standard_error":7137.161464249655},"Median":{"confidence_interval":{"confidence_level":0.95,"lower_bound":5426734.428571428,"upper_bound":5454378.37254902},"point_estimate":5444611.399019608,"standard_error":6817.192911874497},"MedianAbsDev":{"confidence_interval":{"confidence_level":0.95,"lower_bound":1534.4996939338257,"upper_bound":33339.70831829885},"point_estimate":14816.614297540258,"standard_error":7672.607349375456},"Slope":{"confidence_interval":{"confidence_level":0.95,"lower_bound":5427839.169083471,"upper_bound":5445690.968487395},"point_estimate":5435739.939801375,"standard_error":4545.824244633404},"StdDev":{"confidence_interval":{"confidence_level":0.95,"lower_bound":9145.14371972215,"upper_bound":33965.09686821055},"point_estimate":23772.62961483626,"standard_error":7506.087112855199}}