{"Mean":{"confidence_interval":{"confidence_level":0.95,"lower_bound":1375208.8183417444,"upper_bound":1376908.0028985508},"point_estimate":1375992.645367495,"standard_error":438.23742759199763},"Median":{"confidence_interval":{"confidence_level":0.95,"lower_bound":1374889.5804347824,"upper_bound":1376729.5898550726},"point_estimate":1375784.1965579712,"standard_error":531.4859766175706},"MedianAbsDev":{"confidence_interval":{"confidence_level":0.95,"lower_bound":330.7514017367195,"upper_bound":2287.6060612346773},"point_estimate":1187.5813800031774,"standard_error":480.4457860285486},"Slope":{"confidence_interval":{"confidence_level":0.95,"lower_bound":1374821.6516543082,"upper_bound":1376011.428474735},"point_estimate":1375342.1155279502,"standard_error":306.1370622060246},"StdDev":{"confidence_interval":{"confidence_level":0.95,"lower_bound":678.3223757345469,"upper_bound":2003.1883777890018},"point_estimate":1465.738748396996,"standard_error":376.9369239848654}}