{"Mean":{"confidence_interval":{"confidence_level":0.95,"lower_bound":98184770.82179166,"upper_bound":98804538.565125},"point_estimate":98453791.69722222,"standard_error":161093.00662550618},"Median":{"confidence_interval":{"confidence_level":0.95,"lower_bound":98101539.775,"upper_bound":98655267.85},"point_estimate":98282494.1111111,"standard_error":147255.9450371263},"MedianAbsDev":{"confidence_interval":{"confidence_level":0.95,"lower_bound":87451.47244076278,"upper_bound":663742.2170162201},"point_estimate":344794.7471536696,"standard_error":150161.597187473},"Slope":{"confidence_interval":{"confidence_level":0.95,"lower_bound":98192436.29508197,"upper_bound":98636048.94818653},"point_estimate":98415362.49090908,"standard_error":121104.0515867063},"StdDev":{"confidence_interval":{"confidence_level":0.95,"lower_bound":181407.88294712204,"upper_bound":770536.274241335},"point_estimate":538211.1861137026,"standard_error":174904.28712571404}}