{"Mean":{"confidence_interval":{"confidence_level":0.95,"lower_bound":21009197.37875,"upper_bound":21120883.806372765},"point_estimate":21056955.22443452,"standard_error":29100.052015019886},"Median":{"confidence_interval":{"confidence_level":0.95,"lower_bound":21001218.25,"upper_bound":21087025.760714285},"point_estimate":21019356.973958336,"standard_error":24148.779359551987},"MedianAbsDev":{"confidence_interval":{"confidence_level":0.95,"lower_bound":7077.190974354744,"upper_bound":116556.3425157094},"point_estimate":33011.052103937225,"standard_error":28928.07672124635},"Slope":{"confidence_interval":{"confidence_level":0.95,"lower_bound":21018911.23890513,"upper_bound":21104309.93121153},"point_estimate":21051810.433766235,"standard_error":21806.462998021307},"StdDev":{"confidence_interval":{"confidence_level":0.95,"lower_bound":24579.118299831604,"upper_bound":139285.2216813675},"point_estimate":96994.99293394623,"standard_error":33077.89408112285}}