{"Mean":{"confidence_interval":{"confidence_level":0.95,"lower_bound":10654853.456383929,"upper_bound":10695023.328890542},"point_estimate":10673218.895132275,"standard_error":10313.13561511383},"Median":{"confidence_interval":{"confidence_level":0.95,"lower_bound":10644531.266666668,"upper_bound":10690149.541666666},"point_estimate":10671392.541666668,"standard_error":11492.882297388313},"MedianAbsDev":{"confidence_interval":{"confidence_level":0.95,"lower_bound":7707.728388162308,"upper_bound":50851.14052221179},"point_estimate":29995.43757997269,"standard_error":11084.856822439751},"Slope":{"confidence_interval":{"confidence_level":0.95,"lower_bound":10644381.660629382,"upper_bound":10715098.477634922},"point_estimate":10672506.983116884,"standard_error":19585.611369972536},"StdDev":{"confidence_interval":{"confidence_level":0.95,"lower_bound":15169.894490967734,"upper_bound":47569.69197488997},"point_estimate":34345.94389752854,"standard_error":9428.376260058036}}