{"Mean":{"confidence_interval":{"confidence_level":0.95,"lower_bound":2346991.725654762,"upper_bound":2377141.8792261905},"point_estimate":2364000.218154762,"standard_error":7845.956574931748},"Median":{"confidence_interval":{"confidence_level":0.95,"lower_bound":2351378.2053571427,"upper_bound":2381449.775},"point_estimate":2373377.4375,"standard_error":6261.372731623594},"MedianAbsDev":{"confidence_interval":{"confidence_level":0.95,"lower_bound":2177.253658846159,"upper_bound":32058.629880845547},"point_estimate":12491.015973240068,"standard_error":7105.51780274115},"Slope":{"confidence_interval":{"confidence_level":0.95,"lower_bound":2371599.6110188174,"upper_bound":2381430.0354624703},"point_estimate":2377883.8396103894,"standard_error":2518.5215760794767},"StdDev":{"confidence_interval":{"confidence_level":0.95,"lower_bound":5397.4753642854575,"upper_bound":35994.465253587725},"point_estimate":26165.825715049144,"standard_error":8359.234176943488}}