{"Mean":{"confidence_interval":{"confidence_level":0.95,"lower_bound":1363869.569901961,"upper_bound":1371511.684431723},"point_estimate":1366936.490014006,"standard_error":2063.192799047916},"Median":{"confidence_interval":{"confidence_level":0.95,"lower_bound":1363115.8,"upper_bound":1368059.9264705884},"point_estimate":1364584.0392156863,"standard_error":1214.182764118545},"MedianAbsDev":{"confidence_interval":{"confidence_level":0.95,"lower_bound":589.522448357715,"upper_bound":5408.350280453563},"point_estimate":2370.393919681954,"standard_error":1355.453889126798},"Slope":{"confidence_interval":{"confidence_level":0.95,"lower_bound":1363016.4580797837,"upper_bound":1374305.1106861176},"point_estimate":1367282.9695951107,"standard_error":2981.159023218702},"StdDev":{"confidence_interval":{"confidence_level":0.95,"lower_bound":1293.911408909992,"upper_bound":10368.568501679378},"point_estimate":6889.715285372007,"standard_error":2901.04459443782}}