{"Mean":{"confidence_interval":{"confidence_level":0.95,"lower_bound":9366514.335464284,"upper_bound":9429112.725970237},"point_estimate":9391944.141309524,"standard_error":16701.965426346746},"Median":{"confidence_interval":{"confidence_level":0.95,"lower_bound":9359972.5,"upper_bound":9399242.75},"point_estimate":9378783.675,"standard_error":12086.835652579377},"MedianAbsDev":{"confidence_interval":{"confidence_level":0.95,"lower_bound":3734.446943699761,"upper_bound":49474.752951649054},"point_estimate":29111.035808175802,"standard_error":11326.09289508519},"Slope":{"confidence_interval":{"confidence_level":0.95,"lower_bound":9359701.903089888,"upper_bound":9400487.006299496},"point_estimate":9372893.672727272,"standard_error":10625.112565699894},"StdDev":{"confidence_interval":{"confidence_level":0.95,"lower_bound":14320.249106335803,"upper_bound":83414.3679518634},"point_estimate":55594.39169059563,"standard_error":22494.684360079373}}