{"Mean":{"confidence_interval":{"confidence_level":0.95,"lower_bound":3774802.3726190478,"upper_bound":3962486.4978918657},"point_estimate":3851509.8216269845,"standard_error":51097.57777028471},"Median":{"confidence_interval":{"confidence_level":0.95,"lower_bound":3767209.6666666665,"upper_bound":3890846.861111111},"point_estimate":3791251.375,"standard_error":27705.699609893498},"MedianAbsDev":{"confidence_interval":{"confidence_level":0.95,"lower_bound":5674.40429925907,"upper_bound":146877.63762573386},"point_estimate":29338.028041646,"standard_error":34337.91745012727},"Slope":{"confidence_interval":{"confidence_level":0.95,"lower_bound":3780547.3232936505,"upper_bound":3909828.435580443},"point_estimate":3832907.94025974,"standard_error":36127.402872533254},"StdDev":{"confidence_interval":{"confidence_level":0.95,"lower_bound":16094.544211904376,"upper_bound":250716.9988618201},"point_estimate":170283.24610670639,"standard_error":69341.44166613696}}