{"Mean":{"confidence_interval":{"confidence_level":0.95,"lower_bound":1702318.817099567,"upper_bound":1706483.1503030304},"point_estimate":1704285.078008658,"standard_error":1067.8782362551592},"Median":{"confidence_interval":{"confidence_level":0.95,"lower_bound":1701513.393939394,"upper_bound":1706775.884090909},"point_estimate":1703263.75,"standard_error":1741.4485516276306},"MedianAbsDev":{"confidence_interval":{"confidence_level":0.95,"lower_bound":80.49041675311753,"upper_bound":6142.442016859021},"point_estimate":2803.857128403437,"standard_error":1827.320070967292},"Slope":{"confidence_interval":{"confidence_level":0.95,"lower_bound":1701773.6700879766,"upper_bound":1705313.9160202013},"point_estimate":1703633.775442739,"standard_error":898.9225975647706},"StdDev":{"confidence_interval":{"confidence_level":0.95,"lower_bound":1871.224801753165,"upper_bound":4569.275979057947},"point_estimate":3574.9695095856355,"standard_error":721.0838073386941}}