{"Mean":{"confidence_interval":{"confidence_level":0.95,"lower_bound":6015031.253499279,"upper_bound":6033436.201421356},"point_estimate":6025159.437027417,"standard_error":4764.082799219322},"Median":{"confidence_interval":{"confidence_level":0.95,"lower_bound":6018493.587662337,"upper_bound":6035824.746212121},"point_estimate":6027689.1863636365,"standard_error":5096.134740801424},"MedianAbsDev":{"confidence_interval":{"confidence_level":0.95,"lower_bound":3115.4198969633862,"upper_bound":21901.83278434779},"point_estimate":11270.457308242796,"standard_error":4778.664775844459},"Slope":{"confidence_interval":{"confidence_level":0.95,"lower_bound":6023610.459231402,"upper_bound":6039322.813488766},"point_estimate":6033460.872255018,"standard_error":4034.4766180595675},"StdDev":{"confidence_interval":{"confidence_level":0.95,"lower_bound":6529.425217416456,"upper_bound":22298.712693866426},"point_estimate":15874.80837437354,"standard_error":4631.232925149165}}