{"Mean":{"confidence_interval":{"confidence_level":0.95,"lower_bound":9455037.506309524,"upper_bound":9524246.749010317},"point_estimate":9482546.310087303,"standard_error":18730.012023934},"Median":{"confidence_interval":{"confidence_level":0.95,"lower_bound":9451624.585714284,"upper_bound":9488750.126388889},"point_estimate":9456716.505,"standard_error":10716.221710188653},"MedianAbsDev":{"confidence_interval":{"confidence_level":0.95,"lower_bound":1871.7528147704077,"upper_bound":47186.91527893023},"point_estimate":10521.495750706505,"standard_error":13197.644235204443},"Slope":{"confidence_interval":{"confidence_level":0.95,"lower_bound":9454070.074743059,"upper_bound":9491393.813959392},"point_estimate":9469210.953766234,"standard_error":10563.071837422876},"StdDev":{"confidence_interval":{"confidence_level":0.95,"lower_bound":7087.032395047331,"upper_bound":93562.6525179563},"point_estimate":62257.57254421689,"standard_error":26426.792543779055}}