{"Mean":{"confidence_interval":{"confidence_level":0.95,"lower_bound":98026435.89900197,"upper_bound":98194579.26070835},"point_estimate":98105916.59349206,"standard_error":43521.54988092887},"Median":{"confidence_interval":{"confidence_level":0.95,"lower_bound":97988431.8,"upper_bound":98225791.29166666},"point_estimate":98046306.0,"standard_error":60305.46428146371},"MedianAbsDev":{"confidence_interval":{"confidence_level":0.95,"lower_bound":11980.254987312692,"upper_bound":244774.51696271452},"point_estimate":91626.07860663913,"standard_error":57629.69646508252},"Slope":{"confidence_interval":{"confidence_level":0.95,"lower_bound":97987920.36110248,"upper_bound":98167425.05494505},"point_estimate":98070686.13506493,"standard_error":48425.575514498225},"StdDev":{"confidence_interval":{"confidence_level":0.95,"lower_bound":60464.05310638826,"upper_bound":176137.62704146936},"point_estimate":145304.74532427164,"standard_error":27742.305536316315}}