{"Mean":{"confidence_interval":{"confidence_level":0.95,"lower_bound":803021.4334640022,"upper_bound":811316.1763333334},"point_estimate":806168.7003356009,"standard_error":2313.182062154236},"Median":{"confidence_interval":{"confidence_level":0.95,"lower_bound":802334.06,"upper_bound":805992.9476190476},"point_estimate":803817.1339795918,"standard_error":995.1635361374173},"MedianAbsDev":{"confidence_interval":{"confidence_level":0.95,"lower_bound":296.3755168811832,"upper_bound":3980.5970331398626},"point_estimate":2251.6857835006767,"standard_error":1036.97610052587},"Slope":{"confidence_interval":{"confidence_level":0.95,"lower_bound":802785.3633630433,"upper_bound":804473.0053910344},"point_estimate":803535.0274211502,"standard_error":424.6581403178974},"StdDev":{"confidence_interval":{"confidence_level":0.95,"lower_bound":1166.2998658013303,"upper_bound":11840.251186383433},"point_estimate":7736.184786449128,"standard_error":3678.931616687564}}