{"Mean":{"confidence_interval":{"confidence_level":0.95,"lower_bound":375920.4940475518,"upper_bound":378826.7919731891},"point_estimate":377273.1820724038,"standard_error":745.4041424750429},"Median":{"confidence_interval":{"confidence_level":0.95,"lower_bound":375588.6775423729,"upper_bound":379324.6779661017},"point_estimate":375957.468220339,"standard_error":994.9765419278589},"MedianAbsDev":{"confidence_interval":{"confidence_level":0.95,"lower_bound":39.795314689038065,"upper_bound":3534.369134921791},"point_estimate":747.3603498143118,"standard_error":968.9786768225117},"Slope":{"confidence_interval":{"confidence_level":0.95,"lower_bound":375864.4102636535,"upper_bound":379306.2630028158},"point_estimate":377156.11183138896,"standard_error":893.95883233391},"StdDev":{"confidence_interval":{"confidence_level":0.95,"lower_bound":426.12709886930855,"upper_bound":2977.64205266741},"point_estimate":2481.1942750414014,"standard_error":542.4258366936778}}