{"Mean":{"confidence_interval":{"confidence_level":0.95,"lower_bound":22398598.12981482,"upper_bound":22463749.011031743},"point_estimate":22426139.035899468,"standard_error":16988.966533049297},"Median":{"confidence_interval":{"confidence_level":0.95,"lower_bound":22393355.5,"upper_bound":22433942.65833333},"point_estimate":22419558.416666668,"standard_error":8872.26324049903},"MedianAbsDev":{"confidence_interval":{"confidence_level":0.95,"lower_bound":2542.803096519819,"upper_bound":60285.23302972133},"point_estimate":17361.396697333035,"standard_error":15732.571131486317},"Slope":{"confidence_interval":{"confidence_level":0.95,"lower_bound":22409939.192096595,"upper_bound":22488062.697774153},"point_estimate":22441576.955844156,"standard_error":20313.508803428038},"StdDev":{"confidence_interval":{"confidence_level":0.95,"lower_bound":14520.703084132343,"upper_bound":83962.89875642901},"point_estimate":56682.91841032179,"standard_error":21329.93398090858}}