{"Mean":{"confidence_interval":{"confidence_level":0.95,"lower_bound":1379700.0140625,"upper_bound":1383549.8329910715},"point_estimate":1381681.761532738,"standard_error":984.3095110838727},"Median":{"confidence_interval":{"confidence_level":0.95,"lower_bound":1379522.7916666667,"upper_bound":1384556.8571428573},"point_estimate":1382088.546875,"standard_error":1262.7771072791622},"MedianAbsDev":{"confidence_interval":{"confidence_level":0.95,"lower_bound":169.9739094824174,"upper_bound":5500.276021100523},"point_estimate":3707.9902560448986,"standard_error":1541.321366457972},"Slope":{"confidence_interval":{"confidence_level":0.95,"lower_bound":1381513.7675,"upper_bound":1384853.7339379492},"point_estimate":1383184.959577922,"standard_error":848.177457944301},"StdDev":{"confidence_interval":{"confidence_level":0.95,"lower_bound":1636.5310368747687,"upper_bound":4268.392354134473},"point_estimate":3277.153694736294,"standard_error":660.6958082783244}}