{"Mean":{"confidence_interval":{"confidence_level":0.95,"lower_bound":1360691.6465199278,"upper_bound":1365025.214782609},"point_estimate":1362739.3947342993,"standard_error":1112.742588895246},"Median":{"confidence_interval":{"confidence_level":0.95,"lower_bound":1359669.9967391305,"upper_bound":1365039.5543478262},"point_estimate":1362275.6925120773,"standard_error":1604.686497673922},"MedianAbsDev":{"confidence_interval":{"confidence_level":0.95,"lower_bound":890.7954841854489,"upper_bound":6631.439592775573},"point_estimate":3977.1791783040508,"standard_error":1381.782556470448},"Slope":{"confidence_interval":{"confidence_level":0.95,"lower_bound":1360984.6293211968,"upper_bound":1364615.3357905822},"point_estimate":1362548.1446075663,"standard_error":941.4243747039404},"StdDev":{"confidence_interval":{"confidence_level":0.95,"lower_bound":1978.8951397269227,"upper_bound":4788.052292949644},"point_estimate":3705.450541068135,"standard_error":760.2076460446011}}