{"Mean":{"confidence_interval":{"confidence_level":0.95,"lower_bound":2657365.939844071,"upper_bound":2666063.4494561157},"point_estimate":2661281.9761893093,"standard_error":2247.9720136132696},"Median":{"confidence_interval":{"confidence_level":0.95,"lower_bound":2656559.9264705884,"upper_bound":2664703.8781512603},"point_estimate":2659033.456699346,"standard_error":2389.466987510648},"MedianAbsDev":{"confidence_interval":{"confidence_level":0.95,"lower_bound":1167.7909454440235,"upper_bound":10448.593274892955},"point_estimate":5542.521217482887,"standard_error":2447.4031938890535},"Slope":{"confidence_interval":{"confidence_level":0.95,"lower_bound":2658085.6621621624,"upper_bound":2663680.6779260156},"point_estimate":2661380.0609625666,"standard_error":1416.6392004305058},"StdDev":{"confidence_interval":{"confidence_level":0.95,"lower_bound":3070.7685992008232,"upper_bound":10461.415262849936},"point_estimate":7481.208456668722,"standard_error":2167.7428127447565}}