{"Mean":{"confidence_interval":{"confidence_level":0.95,"lower_bound":1378268.9984902597,"upper_bound":1382869.434076479},"point_estimate":1380430.8501803752,"standard_error":1182.6058036479196},"Median":{"confidence_interval":{"confidence_level":0.95,"lower_bound":1377144.0303030303,"upper_bound":1383681.8681818182},"point_estimate":1379169.1940836941,"standard_error":1742.3593975637523},"MedianAbsDev":{"confidence_interval":{"confidence_level":0.95,"lower_bound":627.8575020350032,"upper_bound":6644.111862346269},"point_estimate":3440.6551575523995,"standard_error":1648.7876683068828},"Slope":{"confidence_interval":{"confidence_level":0.95,"lower_bound":1379127.1387445063,"upper_bound":1385164.6479880775},"point_estimate":1382505.2578512398,"standard_error":1522.8771481281335},"StdDev":{"confidence_interval":{"confidence_level":0.95,"lower_bound":1876.8002740612794,"upper_bound":4896.540222826534},"point_estimate":3947.1572609332593,"standard_error":766.6844998837215}}