{"Mean":{"confidence_interval":{"confidence_level":0.95,"lower_bound":97807882.25166668,"upper_bound":97911749.06766865},"point_estimate":97863995.75634922,"standard_error":26655.766329373255},"Median":{"confidence_interval":{"confidence_level":0.95,"lower_bound":97818160.0,"upper_bound":97930408.19285715},"point_estimate":97879538.79166666,"standard_error":31672.148565273026},"MedianAbsDev":{"confidence_interval":{"confidence_level":0.95,"lower_bound":16325.464285165071,"upper_bound":140346.08462502435},"point_estimate":81230.74652453141,"standard_error":29526.34582555802},"Slope":{"confidence_interval":{"confidence_level":0.95,"lower_bound":97868993.29453611,"upper_bound":97935834.86666666},"point_estimate":97910201.38181818,"standard_error":17048.88898017845},"StdDev":{"confidence_interval":{"confidence_level":0.95,"lower_bound":40980.996583148735,"upper_bound":122093.79732600269},"point_estimate":89004.89076778841,"standard_error":23435.247619094273}}