{"Mean":{"confidence_interval":{"confidence_level":0.95,"lower_bound":95261139.71583334,"upper_bound":95969437.41154167},"point_estimate":95537137.21361111,"standard_error":194965.1439464898},"Median":{"confidence_interval":{"confidence_level":0.95,"lower_bound":95218775.0,"upper_bound":95544172.5},"point_estimate":95341532.32222223,"standard_error":98237.0303154028},"MedianAbsDev":{"confidence_interval":{"confidence_level":0.95,"lower_bound":61394.4957975335,"upper_bound":414760.4560965322},"point_estimate":202000.55432795564,"standard_error":99494.9811791153},"Slope":{"confidence_interval":{"confidence_level":0.95,"lower_bound":95237766.92286599,"upper_bound":95531769.13913043},"point_estimate":95382986.71428572,"standard_error":78824.8022253568},"StdDev":{"confidence_interval":{"confidence_level":0.95,"lower_bound":114956.43759034341,"upper_bound":990570.8804098517},"point_estimate":650074.2652670863,"standard_error":294563.7059421314}}