{"Mean":{"confidence_interval":{"confidence_level":0.95,"lower_bound":96650752.91666667,"upper_bound":97379896.07058334},"point_estimate":96958584.36444445,"standard_error":194922.19210297687},"Median":{"confidence_interval":{"confidence_level":0.95,"lower_bound":96621973.83333333,"upper_bound":97234863.25},"point_estimate":96652468.55,"standard_error":133354.84103970038},"MedianAbsDev":{"confidence_interval":{"confidence_level":0.95,"lower_bound":11199.972034491628,"upper_bound":783317.5372633382},"point_estimate":64673.02883515878,"standard_error":160112.4392788141},"Slope":{"confidence_interval":{"confidence_level":0.95,"lower_bound":96635183.03661972,"upper_bound":96865609.23868446},"point_estimate":96707089.73506494,"standard_error":61048.000087668086},"StdDev":{"confidence_interval":{"confidence_level":0.95,"lower_bound":54387.90715056286,"upper_bound":914819.1160325235},"point_estimate":650382.7947161932,"standard_error":240501.428217911}}