{"Mean":{"confidence_interval":{"confidence_level":0.95,"lower_bound":1316019.4064304791,"upper_bound":1318137.8901900183},"point_estimate":1317073.8518956045,"standard_error":542.7535537553186},"Median":{"confidence_interval":{"confidence_level":0.95,"lower_bound":1315365.744734432,"upper_bound":1319143.3012820513},"point_estimate":1316934.0632478632,"standard_error":822.2796337294376},"MedianAbsDev":{"confidence_interval":{"confidence_level":0.95,"lower_bound":241.95207903790197,"upper_bound":3351.550973190352},"point_estimate":2337.5992219608875,"standard_error":831.719017283836},"Slope":{"confidence_interval":{"confidence_level":0.95,"lower_bound":1316063.8331833484,"upper_bound":1317784.458917379},"point_estimate":1316851.8636030636,"standard_error":430.17213492083},"StdDev":{"confidence_interval":{"confidence_level":0.95,"lower_bound":1095.657042549599,"upper_bound":2191.9613857041204},"point_estimate":1816.1013927624983,"standard_error":279.17847979451267}}