{"Mean":{"confidence_interval":{"confidence_level":0.95,"lower_bound":1381776.7172222224,"upper_bound":1395449.3333948413},"point_estimate":1387990.0137301586,"standard_error":3524.6679817811228},"Median":{"confidence_interval":{"confidence_level":0.95,"lower_bound":1380659.1,"upper_bound":1392425.6666666665},"point_estimate":1386755.2964285715,"standard_error":2373.2396323652947},"MedianAbsDev":{"confidence_interval":{"confidence_level":0.95,"lower_bound":376.61745831373804,"upper_bound":16921.36651625228},"point_estimate":5984.811313748291,"standard_error":4795.259177680991},"Slope":{"confidence_interval":{"confidence_level":0.95,"lower_bound":1385085.028614458,"upper_bound":1388550.9697580645},"point_estimate":1386798.8155844156,"standard_error":861.4201502528667},"StdDev":{"confidence_interval":{"confidence_level":0.95,"lower_bound":3946.9776543941557,"upper_bound":16532.009445384017},"point_estimate":11756.491897588481,"standard_error":3459.8018417079984}}