{"Mean":{"confidence_interval":{"confidence_level":0.95,"lower_bound":19422187.123555552,"upper_bound":19515550.0735},"point_estimate":19458391.520444445,"standard_error":25765.526728811863},"Median":{"confidence_interval":{"confidence_level":0.95,"lower_bound":19408935.4,"upper_bound":19460419.933333334},"point_estimate":19432511.6,"standard_error":12968.523255355047},"MedianAbsDev":{"confidence_interval":{"confidence_level":0.95,"lower_bound":691.4698017248407,"upper_bound":56169.683762789144},"point_estimate":35218.1986847542,"standard_error":14890.846934436262},"Slope":{"confidence_interval":{"confidence_level":0.95,"lower_bound":19415560.582796685,"upper_bound":19452640.775103733},"point_estimate":19430867.764675323,"standard_error":9702.936870295922},"StdDev":{"confidence_interval":{"confidence_level":0.95,"lower_bound":13357.344786151498,"upper_bound":130699.0277199609},"point_estimate":85816.11849483506,"standard_error":39039.30174734858}}