{"Mean":{"confidence_interval":{"confidence_level":0.95,"lower_bound":1828021.3005231482,"upper_bound":1846148.8332010582},"point_estimate":1838729.166276455,"standard_error":4761.861014736103},"Median":{"confidence_interval":{"confidence_level":0.95,"lower_bound":1839086.361111111,"upper_bound":1844795.25},"point_estimate":1841075.7214285713,"standard_error":1797.3470921020198},"MedianAbsDev":{"confidence_interval":{"confidence_level":0.95,"lower_bound":820.4570976561292,"upper_bound":13530.392684787512},"point_estimate":3176.9016919318938,"standard_error":3016.786700453317},"Slope":{"confidence_interval":{"confidence_level":0.95,"lower_bound":1839548.582039192,"upper_bound":1842970.576194116},"point_estimate":1840813.8246753246,"standard_error":883.7537077881213},"StdDev":{"confidence_interval":{"confidence_level":0.95,"lower_bound":2147.80662991375,"upper_bound":23862.17075960346},"point_estimate":15909.585224948274,"standard_error":6733.453776859784}}