{"Mean":{"confidence_interval":{"confidence_level":0.95,"lower_bound":18336336.260429367,"upper_bound":18392234.68195238},"point_estimate":18362897.03619841,"standard_error":14347.19157559232},"Median":{"confidence_interval":{"confidence_level":0.95,"lower_bound":18320453.3,"upper_bound":18395430.224444445},"point_estimate":18361058.145833332,"standard_error":23344.900159625646},"MedianAbsDev":{"confidence_interval":{"confidence_level":0.95,"lower_bound":1486.7364276038265,"upper_bound":89868.26195251824},"point_estimate":54390.73058687022,"standard_error":21787.558238456415},"Slope":{"confidence_interval":{"confidence_level":0.95,"lower_bound":18325340.61246412,"upper_bound":18384416.681012657},"point_estimate":18350165.724155843,"standard_error":15737.455454355406},"StdDev":{"confidence_interval":{"confidence_level":0.95,"lower_bound":26761.92561442936,"upper_bound":61590.84318930111},"point_estimate":47843.4582317194,"standard_error":9559.086233257587}}