{"Mean":{"confidence_interval":{"confidence_level":0.95,"lower_bound":23626231.01753125,"upper_bound":23675154.367526785},"point_estimate":23650546.79490079,"standard_error":12524.127849180102},"Median":{"confidence_interval":{"confidence_level":0.95,"lower_bound":23610222.4375,"upper_bound":23682872.31111111},"point_estimate":23659387.09375,"standard_error":18425.897927620204},"MedianAbsDev":{"confidence_interval":{"confidence_level":0.95,"lower_bound":5306.163530797687,"upper_bound":74058.77034519226},"point_estimate":57731.12510840221,"standard_error":18556.366703952088},"Slope":{"confidence_interval":{"confidence_level":0.95,"lower_bound":23645225.85792239,"upper_bound":23690365.9307005},"point_estimate":23670854.848051947,"standard_error":11422.942159954924},"StdDev":{"confidence_interval":{"confidence_level":0.95,"lower_bound":25079.515010416744,"upper_bound":51777.314491152945},"point_estimate":41829.26312164288,"standard_error":6950.457691610976}}