{"Mean":{"confidence_interval":{"confidence_level":0.95,"lower_bound":22055989.375171952,"upper_bound":22161522.609096557},"point_estimate":22101998.826521162,"standard_error":27377.134837948382},"Median":{"confidence_interval":{"confidence_level":0.95,"lower_bound":22042630.777777776,"upper_bound":22141983.35185185},"point_estimate":22081549.583333336,"standard_error":20263.93426063387},"MedianAbsDev":{"confidence_interval":{"confidence_level":0.95,"lower_bound":7817.406466769052,"upper_bound":114654.91275613569},"point_estimate":44001.34331882,"standard_error":29976.987532931063},"Slope":{"confidence_interval":{"confidence_level":0.95,"lower_bound":22036327.10324905,"upper_bound":22136030.850767083},"point_estimate":22072381.914285716,"standard_error":25541.343796945537},"StdDev":{"confidence_interval":{"confidence_level":0.95,"lower_bound":26647.72701938298,"upper_bound":128183.83418318539},"point_estimate":91500.81772863248,"standard_error":28633.365316930187}}