{"Mean":{"confidence_interval":{"confidence_level":0.95,"lower_bound":1434381.0595386904,"upper_bound":1442325.8831170944},"point_estimate":1437507.4032719494,"standard_error":2166.94189072879},"Median":{"confidence_interval":{"confidence_level":0.95,"lower_bound":1433637.1296875,"upper_bound":1438063.8466796875},"point_estimate":1435707.6936383927,"standard_error":1163.7160034576827},"MedianAbsDev":{"confidence_interval":{"confidence_level":0.95,"lower_bound":352.857249360451,"upper_bound":5042.224056576379},"point_estimate":2820.6331572674308,"standard_error":1383.3220838273096},"Slope":{"confidence_interval":{"confidence_level":0.95,"lower_bound":1434254.1514365093,"upper_bound":1436503.8069635828},"point_estimate":1435104.87674513,"standard_error":579.9461118342703},"StdDev":{"confidence_interval":{"confidence_level":0.95,"lower_bound":1250.2915660657316,"upper_bound":10941.135958448749},"point_estimate":7221.505008123664,"standard_error":3163.6945215321357}}