{"Mean":{"confidence_interval":{"confidence_level":0.95,"lower_bound":97791638.39169048,"upper_bound":97973342.04459523},"point_estimate":97879349.37158729,"standard_error":46553.246047208195},"Median":{"confidence_interval":{"confidence_level":0.95,"lower_bound":97765034.0,"upper_bound":98005369.0},"point_estimate":97857548.98571429,"standard_error":59964.76185143458},"MedianAbsDev":{"confidence_interval":{"confidence_level":0.95,"lower_bound":21596.93968324995,"upper_bound":255726.66005662},"point_estimate":152544.69011179166,"standard_error":63000.37248669433},"Slope":{"confidence_interval":{"confidence_level":0.95,"lower_bound":97798484.53197594,"upper_bound":97903999.83730058},"point_estimate":97853463.88571429,"standard_error":26406.605639292924},"StdDev":{"confidence_interval":{"confidence_level":0.95,"lower_bound":77830.5666865998,"upper_bound":193216.17871857004},"point_estimate":155588.8688713175,"standard_error":28333.460347930974}}