{"Mean":{"confidence_interval":{"confidence_level":0.95,"lower_bound":2693723.260174603,"upper_bound":2921079.6241666665},"point_estimate":2807130.680992064,"standard_error":58275.601385912836},"Median":{"confidence_interval":{"confidence_level":0.95,"lower_bound":2621645.1,"upper_bound":2961582.25},"point_estimate":2798391.916666667,"standard_error":140177.11443473463},"MedianAbsDev":{"confidence_interval":{"confidence_level":0.95,"lower_bound":3793.208205157132,"upper_bound":256158.8520689379},"point_estimate":246106.38593907142,"standard_error":101044.78281096209},"Slope":{"confidence_interval":{"confidence_level":0.95,"lower_bound":2633318.036363636,"upper_bound":2785495.5043497304},"point_estimate":2676999.918181818,"standard_error":40136.62360419784},"StdDev":{"confidence_interval":{"confidence_level":0.95,"lower_bound":138440.45535666728,"upper_bound":219520.5956430783},"point_estimate":194300.44467676844,"standard_error":21890.189192021982}}