{"Mean":{"confidence_interval":{"confidence_level":0.95,"lower_bound":1690970.6653968256,"upper_bound":1701491.8804965403},"point_estimate":1695457.4915160765,"standard_error":2732.2566855740665},"Median":{"confidence_interval":{"confidence_level":0.95,"lower_bound":1689724.4935897435,"upper_bound":1696412.52991453},"point_estimate":1694797.6560846562,"standard_error":1801.317513058247},"MedianAbsDev":{"confidence_interval":{"confidence_level":0.95,"lower_bound":423.621262992202,"upper_bound":10446.941284615568},"point_estimate":2481.998923029548,"standard_error":2656.91663093128},"Slope":{"confidence_interval":{"confidence_level":0.95,"lower_bound":1693555.6059560769,"upper_bound":1695653.9405823934},"point_estimate":1694712.9097569098,"standard_error":535.2922501576014},"StdDev":{"confidence_interval":{"confidence_level":0.95,"lower_bound":2588.682953912158,"upper_bound":13391.481434851565},"point_estimate":9086.328199952408,"standard_error":3344.0967978209146}}