{"Mean":{"confidence_interval":{"confidence_level":0.95,"lower_bound":2699838.450760504,"upper_bound":2708693.204670752},"point_estimate":2703802.9223926235,"standard_error":2281.837969476723},"Median":{"confidence_interval":{"confidence_level":0.95,"lower_bound":2698611.1764705884,"upper_bound":2707202.761029412},"point_estimate":2702161.3647058825,"standard_error":2083.4300560050233},"MedianAbsDev":{"confidence_interval":{"confidence_level":0.95,"lower_bound":1297.792796812371,"upper_bound":10991.81105289555},"point_estimate":5584.131818508896,"standard_error":2493.450354540592},"Slope":{"confidence_interval":{"confidence_level":0.95,"lower_bound":2699268.257207268,"upper_bound":2707951.713864669},"point_estimate":2703803.9242169596,"standard_error":2311.00865577331},"StdDev":{"confidence_interval":{"confidence_level":0.95,"lower_bound":2745.871563280748,"upper_bound":10482.007096707926},"point_estimate":7615.471043542296,"standard_error":2152.8903967261376}}