{"Mean":{"confidence_interval":{"confidence_level":0.95,"lower_bound":98297808.55902381,"upper_bound":98419491.06761906},"point_estimate":98355215.3659524,"standard_error":31210.914116727316},"Median":{"confidence_interval":{"confidence_level":0.95,"lower_bound":98271843.6,"upper_bound":98417748.33333333},"point_estimate":98342944.57142857,"standard_error":41057.82331130579},"MedianAbsDev":{"confidence_interval":{"confidence_level":0.95,"lower_bound":14861.70568616671,"upper_bound":180119.01987223787},"point_estimate":108159.1768997915,"standard_error":38168.22545664848},"Slope":{"confidence_interval":{"confidence_level":0.95,"lower_bound":98305645.0227508,"upper_bound":98396134.52252252},"point_estimate":98354784.97142857,"standard_error":23014.88853334226},"StdDev":{"confidence_interval":{"confidence_level":0.95,"lower_bound":52861.48625444724,"upper_bound":139047.0469494929},"point_estimate":103771.97610567532,"standard_error":24026.355173274427}}